[{"fecha":"15-05-21","local_id":"1","local_nombre":"CRUZ VERDE ","comuna_nombre":"QUILLOTA","localidad_nombre":"QUILLOTA","local_direccion":"OHIGGINS 195, LOCAL 1","funcionamiento_hora_apertura":"08:30:00","funcionamiento_hora_cierre":"18:30:00","local_telefono":"+56332269467","local_lat":"-32.8793428949969","local_lng":"-71.2467871500868","funcionamiento_dia":"sabado","fk_region":"6","fk_comuna":"69","fk_localidad":"32"},{"fecha":"15-05-21","local_id":"2","local_nombre":"CRUZ VERDE","comuna_nombre":"LA CALERA","localidad_nombre":"LA CALERA","local_direccion":"J.J. PEREZ 202","funcionamiento_hora_apertura":"08:30:00","funcionamiento_hora_cierre":"18:30:00","local_telefono":"+56332724714","local_lat":"-32.788066282624","local_lng":"-71.1897310126255","funcionamiento_dia":"sabado","fk_region":"6","fk_comuna":"56","fk_localidad":"12"},{"fecha":"15-05-21","local_id":"3","local_nombre":"CRUZ VERDE","comuna_nombre":"LIMACHE","localidad_nombre":"LIMACHE","local_direccion":"URMENETA 99","funcionamiento_hora_apertura":"08:30:00","funcionamiento_hora_cierre":"18:30:00","local_telefono":"+56332415940","local_lat":"-32.9849921792696","local_lng":"-71.2757177058683","funcionamiento_dia":"sabado","fk_region":"6","fk_comuna":"59","fk_localidad":"17"},{"fecha":"15-05-21","local_id":"4","local_nombre":"CRUZ VERDE","comuna_nombre":"LIMACHE","localidad_nombre":"LIMACHE","local_direccion":"REPUBLICA 281","funcionamiento_hora_apertura":"08:30:00","funcionamiento_hora_cierre":"18:30:00","local_telefono":"+56332418343","local_lat":"-33.0025007197382","local_lng":"-71.2654977848501","funcionamiento_dia":"sabado","fk_region":"6","fk_comuna":"59","fk_localidad":"17"},{"fecha":"15-05-21","local_id":"5","local_nombre":"AHUMADA","comuna_nombre":"LA CALERA","localidad_nombre":"LA CALERA","local_direccion":"J J PEREZ 199","funcionamiento_hora_apertura":"09:00:00","funcionamiento_hora_cierre":"21:00:00","local_telefono":"+563326316573","local_lat":"-32.7882065329844","local_lng":"-71.189446195146","funcionamiento_dia":"sabado","fk_region":"6","fk_comuna":"56","fk_localidad":"12"},{"fecha":"15-05-21","local_id":"8","local_nombre":"AHUMADA","comuna_nombre":"LA CALERA","localidad_nombre":"LA CALERA","local_direccion":"PROLONGACION JJ. PEREZ 12010","funcionamiento_hora_apertura":"10:00:00","funcionamiento_hora_cierre":"22:00:00","local_telefono":"+56026313722","local_lat":"-32.7908926027982","local_lng":"-71.1920957384256","funcionamiento_dia":"sabado","fk_region":"6","fk_comuna":"56","fk_localidad":"12"},{"fecha":"15-05-21","local_id":"9","local_nombre":"AHUMADA","comuna_nombre":"QUILLOTA","localidad_nombre":"QUILLOTA","local_direccion":"AV. 21 DE MAYO 311","funcionamiento_hora_apertura":"08:30:00","funcionamiento_hora_cierre":"17:30:00","local_telefono":"+5633314997","local_lat":"-32.8743896181991","local_lng":"-71.2419067293266","funcionamiento_dia":"sabado","fk_region":"6","fk_comuna":"69","fk_localidad":"32"},{"fecha":"15-05-21","local_id":"10","local_nombre":"AHUMADA","comuna_nombre":"QUILLOTA","localidad_nombre":"QUILLOTA","local_direccion":"O`HIGGINS 114-116","funcionamiento_hora_apertura":"08:30:00","funcionamiento_hora_cierre":"18:30:00","local_telefono":"+563326313154","local_lat":"-32.8785857529787","local_lng":"-71.2467680389193","funcionamiento_dia":"sabado","fk_region":"6","fk_comuna":"69","fk_localidad":"32"},{"fecha":"15-05-21","local_id":"11","local_nombre":"SALCOBRAND","comuna_nombre":"LA CALERA","localidad_nombre":"LA CALERA","local_direccion":"J.J. PEREZ 205","funcionamiento_hora_apertura":"09:00:00","funcionamiento_hora_cierre":"19:30:00","local_telefono":"+56332225450","local_lat":"-32.7880523605412","local_lng":"-71.1894957968335","funcionamiento_dia":"sabado","fk_region":"6","fk_comuna":"56","fk_localidad":"12"},{"fecha":"15-05-21","local_id":"13","local_nombre":"SALCOBRAND","comuna_nombre":"QUILLOTA","localidad_nombre":"QUILLOTA","local_direccion":"CHACABUCO 299","funcionamiento_hora_apertura":"09:00:00","funcionamiento_hora_cierre":"19:00:00","local_telefono":"+56332269530","local_lat":"-32.8783291577425","local_lng":"-71.2464943929409","funcionamiento_dia":"sabado","fk_region":"6","fk_comuna":"69","fk_localidad":"32"},{"fecha":"15-05-21","local_id":"14","local_nombre":"KNOP","comuna_nombre":"QUILLOTA","localidad_nombre":"QUILLOTA","local_direccion":"CHACABUCO 225","funcionamiento_hora_apertura":"10:00:00","funcionamiento_hora_cierre":"15:00:00","local_telefono":"+56332315136","local_lat":"-32.8781586740176","local_lng":"-71.2459450658586","funcionamiento_dia":"sabado","fk_region":"6","fk_comuna":"69","fk_localidad":"32"},{"fecha":"15-05-21","local_id":"15","local_nombre":"KNOP","comuna_nombre":"LA CALERA","localidad_nombre":"LA CALERA","local_direccion":"J.J. PEREZ 247","funcionamiento_hora_apertura":"10:00:00","funcionamiento_hora_cierre":"15:00:00","local_telefono":"+56332229081","local_lat":"-32.7876998783928","local_lng":"-71.1895405374846","funcionamiento_dia":"sabado","fk_region":"6","fk_comuna":"56","fk_localidad":"12"},{"fecha":"15-05-21","local_id":"17","local_nombre":"CRUZ VERDE","comuna_nombre":"QUILLOTA","localidad_nombre":"QUILLOTA","local_direccion":"CHACABUCO 281","funcionamiento_hora_apertura":"09:00:00","funcionamiento_hora_cierre":"21:00:00","local_telefono":"+56332319578","local_lat":"-32.878335491624","local_lng":"-71.246141889165","funcionamiento_dia":"sabado","fk_region":"6","fk_comuna":"69","fk_localidad":"32"},{"fecha":"15-05-21","local_id":"20","local_nombre":"SALCOBRAND","comuna_nombre":"LIMACHE","localidad_nombre":"LIMACHE","local_direccion":"URMENETA 68","funcionamiento_hora_apertura":"09:00:00","funcionamiento_hora_cierre":"21:00:00","local_telefono":"+560224223300 anexo 5300","local_lat":"-32.9851431062104","local_lng":"-71.2763421550883","funcionamiento_dia":"sabado","fk_region":"6","fk_comuna":"59","fk_localidad":"17"},{"fecha":"15-05-21","local_id":"21","local_nombre":"DR. SIMI","comuna_nombre":"LA CALERA","localidad_nombre":"LA CALERA","local_direccion":"CARRERA 580","funcionamiento_hora_apertura":"09:00:00","funcionamiento_hora_cierre":"20:00:00","local_telefono":"+56332342337","local_lat":"-32.7872136780971","local_lng":"-71.1894965921182","funcionamiento_dia":"sabado","fk_region":"6","fk_comuna":"56","fk_localidad":"12"}]
